date,repo,pull_count,star_count
2026-09-29,fileserver,1525,0
2026-09-29,gitweb,2793,0
2026-09-29,wechat,24015,0
2026-09-30,fileserver,1525,0
2026-09-30,gitweb,2793,0
2026-09-30,wechat,24043,0
2026-10-01,fileserver,1525,0
2026-10-01,gitweb,2793,0
2026-10-01,wechat,24043,0
2026-10-02,fileserver,1525,0
2026-10-02,gitweb,2793,0
2026-10-02,wechat,24043,0
2026-10-03,fileserver,1525,0
2026-10-03,gitweb,2793,0
2026-10-03,wechat,24099,0
2026-10-04,fileserver,1525,0
2026-10-04,gitweb,2793,0
2026-10-04,wechat,24099,0
2026-10-05,fileserver,1535,0
2026-10-05,gitweb,2807,0
2026-10-05,wechat,24103,0
